Simulation ID,Pattern Type,Flight Time,Distance Flown,Person Found,Estimated Position Lat,Estimated Position Lon,Actual Position Lat,Actual Position Lon,Deviation Direction,Deviation Distance,Drift Direction,Drift Speed,Time Since Contact,Distance To Shore
0,Expanding Square,236.78290468850417,1987.829046885043,True,55.59483493520153,12.405816677869895,55.59491273870229,12.405777194317782,344,9,251,0.5171062402615367,335,1.374845837596332 km
0,Expanding Square,236.78290468850417,1987.829046885043,True,55.59483493520153,12.405816677869895,55.59491273870229,12.405777194317782,344,9,251,0.5171062402615367,335,1.374845837596332 km
0,Line Search,557.8017043480739,4918.017043480738,False,55.59483493520153,12.405816677869895,55.59491273870229,12.405777194317782,344,9,251,0.5171062402615367,335,1.374845837596332 km
0,Line Search,557.8017043480739,4918.017043480738,False,55.59483493520153,12.405816677869895,55.59491273870229,12.405777194317782,344,9,251,0.5171062402615367,335,1.374845837596332 km
0,Sector Search,302.78290468783916,2867.8290468783944,True,55.59483493520153,12.405816677869895,55.59491273870229,12.405777194317782,344,9,251,0.5171062402615367,335,1.374845837596332 km
1,Expanding Square,175.09495375012713,1650.9495375012707,True,55.59532940508582,12.379403143545339,55.59567446467564,12.379131245144372,336,42,231,0.4184883457812638,155,0.26381321357995685 km
1,Expanding Square,175.09495375012713,1650.9495375012707,True,55.59532940508582,12.379403143545339,55.59567446467564,12.379131245144372,336,42,231,0.4184883457812638,155,0.26381321357995685 km
1,Line Search,186.09495375064012,1780.949537506401,True,55.59532940508582,12.379403143545339,55.59567446467564,12.379131245144372,336,42,231,0.4184883457812638,155,0.26381321357995685 km
1,Line Search,186.09495375064012,1780.949537506401,True,55.59532940508582,12.379403143545339,55.59567446467564,12.379131245144372,336,42,231,0.4184883457812638,155,0.26381321357995685 km
1,Sector Search,210.09495375002226,2020.949537500222,True,55.59532940508582,12.379403143545339,55.59567446467564,12.379131245144372,336,42,231,0.4184883457812638,155,0.26381321357995685 km
2,Expanding Square,196.87716062829392,1908.7716062829395,True,55.59762336198572,12.416538337029714,55.59740188989501,12.416036624070502,232,40,191,0.8933212594285738,213,2.0260724748001864 km
2,Expanding Square,196.87716062829392,1908.7716062829395,True,55.59762336198572,12.416538337029714,55.59740188989501,12.416036624070502,232,40,191,0.8933212594285738,213,2.0260724748001864 km
2,Line Search,209.87716062842875,2018.7716062842883,True,55.59762336198572,12.416538337029714,55.59740188989501,12.416036624070502,232,40,191,0.8933212594285738,213,2.0260724748001864 km
2,Line Search,209.87716062842875,2018.7716062842883,True,55.59762336198572,12.416538337029714,55.59740188989501,12.416036624070502,232,40,191,0.8933212594285738,213,2.0260724748001864 km
2,Sector Search,832.7596389247328,7847.596389247336,False,55.59762336198572,12.416538337029714,55.59740188989501,12.416036624070502,232,40,191,0.8933212594285738,213,2.0260724748001864 km
3,Expanding Square,164.52805856558027,1585.2805856558023,True,55.598242651853674,12.41290332223785,55.59823197946734,12.413444184459713,92,34,347,0.02971192907110254,533,1.7307384491853255 km
3,Expanding Square,164.52805856558027,1585.2805856558023,True,55.598242651853674,12.41290332223785,55.59823197946734,12.413444184459713,92,34,347,0.02971192907110254,533,1.7307384491853255 km
3,Line Search,578.5530316030204,5125.530316030209,False,55.598242651853674,12.41290332223785,55.59823197946734,12.413444184459713,92,34,347,0.02971192907110254,533,1.7307384491853255 km
3,Line Search,578.5530316030204,5125.530316030209,False,55.598242651853674,12.41290332223785,55.59823197946734,12.413444184459713,92,34,347,0.02971192907110254,533,1.7307384491853255 km
3,Sector Search,260.5280585651642,2485.280585651641,True,55.598242651853674,12.41290332223785,55.59823197946734,12.413444184459713,92,34,347,0.02971192907110254,533,1.7307384491853255 km
4,Expanding Square,165.8025988110682,1438.025988110682,True,55.59581607921415,12.398538666985333,55.59583552561478,12.39903087460159,86,31,310,0.10844750216464816,279,1.107120975297947 km
4,Expanding Square,165.8025988110682,1438.025988110682,True,55.59581607921415,12.398538666985333,55.59583552561478,12.39903087460159,86,31,310,0.10844750216464816,279,1.107120975297947 km
4,Line Search,504.7212632495114,4387.212632495113,False,55.59581607921415,12.398538666985333,55.59583552561478,12.39903087460159,86,31,310,0.10844750216464816,279,1.107120975297947 km
4,Line Search,504.7212632495114,4387.212632495113,False,55.59581607921415,12.398538666985333,55.59583552561478,12.39903087460159,86,31,310,0.10844750216464816,279,1.107120975297947 km
4,Sector Search,230.8025988113493,2188.025988113494,True,55.59581607921415,12.398538666985333,55.59583552561478,12.39903087460159,86,31,310,0.10844750216464816,279,1.107120975297947 km
5,Expanding Square,288.23514934213665,2462.351493421364,True,55.592236647486985,12.402672277809828,55.59217272869219,12.403020406221726,108,23,215,0.407614817726317,450,1.5443910020461387 km
5,Expanding Square,288.23514934213665,2462.351493421364,True,55.592236647486985,12.402672277809828,55.59217272869219,12.403020406221726,108,23,215,0.407614817726317,450,1.5443910020461387 km
5,Line Search,639.4085692249123,5734.085692249122,False,55.592236647486985,12.402672277809828,55.59217272869219,12.403020406221726,108,23,215,0.407614817726317,450,1.5443910020461387 km
5,Line Search,639.4085692249123,5734.085692249122,False,55.592236647486985,12.402672277809828,55.59217272869219,12.403020406221726,108,23,215,0.407614817726317,450,1.5443910020461387 km
5,Sector Search,382.2351493422726,3602.351493422723,True,55.592236647486985,12.402672277809828,55.59217272869219,12.403020406221726,108,23,215,0.407614817726317,450,1.5443910020461387 km
6,Expanding Square,186.92870629890118,1809.287062989012,True,55.59211190540473,12.402419829635921,55.59184706581046,12.402328728917261,191,30,202,0.26113067482494445,155,1.563278077362105 km
6,Expanding Square,186.92870629890118,1809.287062989012,True,55.59211190540473,12.402419829635921,55.59184706581046,12.402328728917261,191,30,202,0.26113067482494445,155,1.563278077362105 km
6,Line Search,213.9287062990584,2019.287062990585,True,55.59211190540473,12.402419829635921,55.59184706581046,12.402328728917261,191,30,202,0.26113067482494445,155,1.563278077362105 km
6,Line Search,213.9287062990584,2019.287062990585,True,55.59211190540473,12.402419829635921,55.59184706581046,12.402328728917261,191,30,202,0.26113067482494445,155,1.563278077362105 km
6,Sector Search,184.92870629890993,1809.2870629890995,True,55.59211190540473,12.402419829635921,55.59184706581046,12.402328728917261,191,30,202,0.26113067482494445,155,1.563278077362105 km
7,Expanding Square,168.99999999008273,1669.999999900826,True,55.595842013999814,12.377886395503776,55.595809127878546,12.377940670385831,137,5,211,0.6190448600658859,546,0.13317404331461513 km
7,Expanding Square,168.99999999008273,1669.999999900826,True,55.595842013999814,12.377886395503776,55.595809127878546,12.377940670385831,137,5,211,0.6190448600658859,546,0.13317404331461513 km
7,Line Search,168.99999999008273,1669.999999900826,True,55.595842013999814,12.377886395503776,55.595809127878546,12.377940670385831,137,5,211,0.6190448600658859,546,0.13317404331461513 km
7,Line Search,168.99999999008273,1669.999999900826,True,55.595842013999814,12.377886395503776,55.595809127878546,12.377940670385831,137,5,211,0.6190448600658859,546,0.13317404331461513 km
7,Sector Search,168.99999999008273,1669.999999900826,True,55.595842013999814,12.377886395503776,55.595809127878546,12.377940670385831,137,5,211,0.6190448600658859,546,0.13317404331461513 km
8,Expanding Square,1816.110225843485,16201.102258434852,False,55.59029431065503,12.411104471720185,55.590441291642364,12.41161494090594,63,36,121,0.6839668435391456,197,2.1380602017103874 km
8,Expanding Square,1816.110225843485,16201.102258434852,False,55.59029431065503,12.411104471720185,55.590441291642364,12.41161494090594,63,36,121,0.6839668435391456,197,2.1380602017103874 km
8,Line Search,277.616239397266,2616.16239397266,True,55.59029431065503,12.411104471720185,55.590441291642364,12.41161494090594,63,36,121,0.6839668435391456,197,2.1380602017103874 km
8,Line Search,277.616239397266,2616.16239397266,True,55.59029431065503,12.411104471720185,55.590441291642364,12.41161494090594,63,36,121,0.6839668435391456,197,2.1380602017103874 km
8,Sector Search,914.2373707936463,8662.373707936467,False,55.59029431065503,12.411104471720185,55.590441291642364,12.41161494090594,63,36,121,0.6839668435391456,197,2.1380602017103874 km
9,Expanding Square,1748.6519063679896,15466.519063679889,False,55.5945841922662,12.382195984574826,55.5949043208204,12.382607614462817,36,44,241,0.7537620898838039,39,0.6573822904481241 km
9,Expanding Square,1748.6519063679896,15466.519063679889,False,55.5945841922662,12.382195984574826,55.5949043208204,12.382607614462817,36,44,241,0.7537620898838039,39,0.6573822904481241 km
9,Line Search,222.81445277333842,2028.1445277333837,True,55.5945841922662,12.382195984574826,55.5949043208204,12.382607614462817,36,44,241,0.7537620898838039,39,0.6573822904481241 km
9,Line Search,222.81445277333842,2028.1445277333837,True,55.5945841922662,12.382195984574826,55.5949043208204,12.382607614462817,36,44,241,0.7537620898838039,39,0.6573822904481241 km
9,Sector Search,165.81445277306278,1618.1445277306273,True,55.5945841922662,12.382195984574826,55.5949043208204,12.382607614462817,36,44,241,0.7537620898838039,39,0.6573822904481241 km
0,Expanding Square,160.53014041533268,1505.3014041533274,True,55.59365032590428,12.393110441204437,55.593930933128995,12.392939447302224,341,33,75,0.23779888347872025,224,1.171780321865523 km
0,Line Search,544.988648765445,4789.886487654448,False,55.59365032590428,12.393110441204437,55.593930933128995,12.392939447302224,341,33,75,0.23779888347872025,224,1.171780321865523 km
0,Sector Search,202.53014041617737,1945.3014041617737,True,55.59365032590428,12.393110441204437,55.593930933128995,12.392939447302224,341,33,75,0.23779888347872025,224,1.171780321865523 km
0,Sector Search,202.53014041617737,1945.3014041617737,True,55.59365032590428,12.393110441204437,55.593930933128995,12.392939447302224,341,33,75,0.23779888347872025,224,1.171780321865523 km
0,Sector Search,202.53014041617737,1945.3014041617737,True,55.59365032590428,12.393110441204437,55.593930933128995,12.392939447302224,341,33,75,0.23779888347872025,224,1.171780321865523 km
1,Expanding Square,254.99999998575802,2529.9999998575786,True,55.587971939367456,12.376806225980907,55.58777740038726,12.37623333556823,239,42,227,0.6136814485309313,449,0.9211662031295766 km
1,Line Search,254.99999998575802,2529.9999998575786,True,55.587971939367456,12.376806225980907,55.58777740038726,12.37623333556823,239,42,227,0.6136814485309313,449,0.9211662031295766 km
1,Sector Search,254.99999998575802,2529.9999998575786,True,55.587971939367456,12.376806225980907,55.58777740038726,12.37623333556823,239,42,227,0.6136814485309313,449,0.9211662031295766 km
1,Sector Search,254.99999998575802,2529.9999998575786,True,55.587971939367456,12.376806225980907,55.58777740038726,12.37623333556823,239,42,227,0.6136814485309313,449,0.9211662031295766 km
1,Sector Search,254.99999998575802,2529.9999998575786,True,55.587971939367456,12.376806225980907,55.58777740038726,12.37623333556823,239,42,227,0.6136814485309313,449,0.9211662031295766 km
2,Expanding Square,219.1825658153461,1891.8256581534592,True,55.593603466120534,12.40116801274915,55.5937804680101,12.401528362493421,49,30,67,0.3102022420948449,481,1.3414335960448949 km
2,Line Search,577.5304114392328,5115.304114392328,False,55.593603466120534,12.40116801274915,55.5937804680101,12.401528362493421,49,30,67,0.3102022420948449,481,1.3414335960448949 km
2,Sector Search,304.18256581581346,2881.8256581581327,True,55.593603466120534,12.40116801274915,55.5937804680101,12.401528362493421,49,30,67,0.3102022420948449,481,1.3414335960448949 km
2,Sector Search,304.18256581581346,2881.8256581581327,True,55.593603466120534,12.40116801274915,55.5937804680101,12.401528362493421,49,30,67,0.3102022420948449,481,1.3414335960448949 km
2,Sector Search,304.18256581581346,2881.8256581581327,True,55.593603466120534,12.40116801274915,55.5937804680101,12.401528362493421,49,30,67,0.3102022420948449,481,1.3414335960448949 km
3,Expanding Square,123.38970077329661,1173.8970077329661,True,55.596702132418784,12.394991303634967,55.59635944436292,12.394641137352375,210,44,348,0.05952026785372033,16,0.9718478746584038 km
3,Line Search,487.7110824021016,4217.110824021019,False,55.596702132418784,12.394991303634967,55.59635944436292,12.394641137352375,210,44,348,0.05952026785372033,16,0.9718478746584038 km
3,Sector Search,170.3897007724117,1623.897007724117,True,55.596702132418784,12.394991303634967,55.59635944436292,12.394641137352375,210,44,348,0.05952026785372033,16,0.9718478746584038 km
3,Sector Search,170.3897007724117,1623.897007724117,True,55.596702132418784,12.394991303634967,55.59635944436292,12.394641137352375,210,44,348,0.05952026785372033,16,0.9718478746584038 km
3,Sector Search,170.3897007724117,1623.897007724117,True,55.596702132418784,12.394991303634967,55.59635944436292,12.394641137352375,210,44,348,0.05952026785372033,16,0.9718478746584038 km
4,Expanding Square,310.96273496609894,2729.6273496609897,True,55.58942123525393,12.381765442151526,55.58948472539599,12.381187447444232,281,37,145,0.6376230057440246,375,0.8787941428262097 km
4,Line Search,705.8523444814012,6398.523444814007,False,55.58942123525393,12.381765442151526,55.58948472539599,12.381187447444232,281,37,145,0.6376230057440246,375,0.8787941428262097 km
4,Sector Search,377.9627349662941,3599.6273496629356,True,55.58942123525393,12.381765442151526,55.58948472539599,12.381187447444232,281,37,145,0.6376230057440246,375,0.8787941428262097 km
4,Sector Search,377.9627349662941,3599.6273496629356,True,55.58942123525393,12.381765442151526,55.58948472539599,12.381187447444232,281,37,145,0.6376230057440246,375,0.8787941428262097 km
4,Sector Search,377.9627349662941,3599.6273496629356,True,55.58942123525393,12.381765442151526,55.58948472539599,12.381187447444232,281,37,145,0.6376230057440246,375,0.8787941428262097 km
5,Expanding Square,192.99999998741248,1909.9999998741234,True,55.59028498988318,12.394444589723715,55.59023160311069,12.394385557169624,212,7,196,0.30050268137481295,358,1.6035556766307404 km
5,Line Search,192.99999998741248,1909.9999998741234,True,55.59028498988318,12.394444589723715,55.59023160311069,12.394385557169624,212,7,196,0.30050268137481295,358,1.6035556766307404 km
5,Sector Search,192.99999998741248,1909.9999998741234,True,55.59028498988318,12.394444589723715,55.59023160311069,12.394385557169624,212,7,196,0.30050268137481295,358,1.6035556766307404 km
5,Sector Search,192.99999998741248,1909.9999998741234,True,55.59028498988318,12.394444589723715,55.59023160311069,12.394385557169624,212,7,196,0.30050268137481295,358,1.6035556766307404 km
5,Sector Search,192.99999998741248,1909.9999998741234,True,55.59028498988318,12.394444589723715,55.59023160311069,12.394385557169624,212,7,196,0.30050268137481295,358,1.6035556766307404 km
6,Expanding Square,208.17112646087352,2021.711264608734,True,55.59264007541677,12.412229752539595,55.59240094749383,12.412304370234253,170,27,60,0.04921261301804869,456,2.025272781725888 km
6,Line Search,222.17112646073502,2141.7112646073483,True,55.59264007541677,12.412229752539595,55.59240094749383,12.412304370234253,170,27,60,0.04921261301804869,456,2.025272781725888 km
6,Sector Search,304.1711264606231,2921.7112646062287,True,55.59264007541677,12.412229752539595,55.59240094749383,12.412304370234253,170,27,60,0.04921261301804869,456,2.025272781725888 km
6,Sector Search,304.1711264606231,2921.7112646062287,True,55.59264007541677,12.412229752539595,55.59240094749383,12.412304370234253,170,27,60,0.04921261301804869,456,2.025272781725888 km
6,Sector Search,304.1711264606231,2921.7112646062287,True,55.59264007541677,12.412229752539595,55.59240094749383,12.412304370234253,170,27,60,0.04921261301804869,456,2.025272781725888 km
7,Expanding Square,133.99999999514776,1319.9999999514778,True,55.59848851714919,12.376402106068205,55.59871878843957,12.376473971715006,10,26,68,0.5094437093362771,112,0.04693575376826455 km
7,Line Search,133.99999999514776,1319.9999999514778,True,55.59848851714919,12.376402106068205,55.59871878843957,12.376473971715006,10,26,68,0.5094437093362771,112,0.04693575376826455 km
7,Sector Search,133.99999999514776,1319.9999999514778,True,55.59848851714919,12.376402106068205,55.59871878843957,12.376473971715006,10,26,68,0.5094437093362771,112,0.04693575376826455 km
7,Sector Search,133.99999999514776,1319.9999999514778,True,55.59848851714919,12.376402106068205,55.59871878843957,12.376473971715006,10,26,68,0.5094437093362771,112,0.04693575376826455 km
7,Sector Search,133.99999999514776,1319.9999999514778,True,55.59848851714919,12.376402106068205,55.59871878843957,12.376473971715006,10,26,68,0.5094437093362771,112,0.04693575376826455 km
8,Expanding Square,133.99999999212184,1319.9999999212182,True,55.59637661843212,12.385733505658095,55.59639523929532,12.385856500190611,75,8,177,0.5309147549839892,167,0.665312523028363 km
8,Line Search,133.99999999212184,1319.9999999212182,True,55.59637661843212,12.385733505658095,55.59639523929532,12.385856500190611,75,8,177,0.5309147549839892,167,0.665312523028363 km
8,Sector Search,133.99999999212184,1319.9999999212182,True,55.59637661843212,12.385733505658095,55.59639523929532,12.385856500190611,75,8,177,0.5309147549839892,167,0.665312523028363 km
8,Sector Search,133.99999999212184,1319.9999999212182,True,55.59637661843212,12.385733505658095,55.59639523929532,12.385856500190611,75,8,177,0.5309147549839892,167,0.665312523028363 km
8,Sector Search,133.99999999212184,1319.9999999212182,True,55.59637661843212,12.385733505658095,55.59639523929532,12.385856500190611,75,8,177,0.5309147549839892,167,0.665312523028363 km
9,Expanding Square,213.72928588845727,2077.2928588845734,True,55.58969588224135,12.400536221940817,55.58978287087024,12.399869459314306,283,43,111,0.74200592072004,192,1.7621824648588147 km
9,Line Search,672.4855910464091,6064.855910464076,False,55.58969588224135,12.400536221940817,55.58978287087024,12.399869459314306,283,43,111,0.74200592072004,192,1.7621824648588147 km
9,Sector Search,257.7292858893766,2497.2928588937652,True,55.58969588224135,12.400536221940817,55.58978287087024,12.399869459314306,283,43,111,0.74200592072004,192,1.7621824648588147 km
9,Sector Search,257.7292858893766,2497.2928588937652,True,55.58969588224135,12.400536221940817,55.58978287087024,12.399869459314306,283,43,111,0.74200592072004,192,1.7621824648588147 km
9,Sector Search,257.7292858893766,2497.2928588937652,True,55.58969588224135,12.400536221940817,55.58978287087024,12.399869459314306,283,43,111,0.74200592072004,192,1.7621824648588147 km
0,Expanding Square,1812.0151066188882,16200.15106618894,False,55.58980322946791,12.418846476094163,55.58980322946791,12.418846476094163,38,0,193,0.5730807005951539,158,2.746807931653575 km
0,Line Search,323.003959737013,3030.0395973701307,True,55.58980322946791,12.418846476094163,55.58980322946791,12.418846476094163,38,0,193,0.5730807005951539,158,2.746807931653575 km
0,Sector Search,265.00395973674756,2610.039597367476,True,55.58980322946791,12.418846476094163,55.58980322946791,12.418846476094163,38,0,193,0.5730807005951539,158,2.746807931653575 km
0,Sector Search,265.00395973674756,2610.039597367476,True,55.58980322946791,12.418846476094163,55.58980322946791,12.418846476094163,38,0,193,0.5730807005951539,158,2.746807931653575 km
0,Sector Search,265.00395973674756,2610.039597367476,True,55.58980322946791,12.418846476094163,55.58980322946791,12.418846476094163,38,0,193,0.5730807005951539,158,2.746807931653575 km
1,Expanding Square,1812.3544588273674,16203.544588273699,False,55.5906680795193,12.412438218353781,55.59071737378325,12.4123993806315,336,6,146,0.9371785971237426,192,2.1691956189634274 km
1,Line Search,319.58481831545924,2955.8481831545937,True,55.5906680795193,12.412438218353781,55.59071737378325,12.4123993806315,336,6,146,0.9371785971237426,192,2.1691956189634274 km
1,Sector Search,243.58481831554687,2395.8481831554714,True,55.5906680795193,12.412438218353781,55.59071737378325,12.4123993806315,336,6,146,0.9371785971237426,192,2.1691956189634274 km
1,Sector Search,243.58481831554687,2395.8481831554714,True,55.5906680795193,12.412438218353781,55.59071737378325,12.4123993806315,336,6,146,0.9371785971237426,192,2.1691956189634274 km
1,Sector Search,243.58481831554687,2395.8481831554714,True,55.5906680795193,12.412438218353781,55.59071737378325,12.4123993806315,336,6,146,0.9371785971237426,192,2.1691956189634274 km
2,Expanding Square,431.06664339326,3530.6664339325994,True,55.59322554550164,12.395518428863838,55.592983641210544,12.395025960880153,229,41,272,0.9454351047042456,597,1.3375904779174148 km
2,Line Search,537.9318329042516,4719.318329042517,False,55.59322554550164,12.395518428863838,55.592983641210544,12.395025960880153,229,41,272,0.9454351047042456,597,1.3375904779174148 km
2,Sector Search,553.0666433933447,5130.6664339334475,True,55.59322554550164,12.395518428863838,55.592983641210544,12.395025960880153,229,41,272,0.9454351047042456,597,1.3375904779174148 km
2,Sector Search,553.0666433933447,5130.6664339334475,True,55.59322554550164,12.395518428863838,55.592983641210544,12.395025960880153,229,41,272,0.9454351047042456,597,1.3375904779174148 km
2,Sector Search,553.0666433933447,5130.6664339334475,True,55.59322554550164,12.395518428863838,55.592983641210544,12.395025960880153,229,41,272,0.9454351047042456,597,1.3375904779174148 km
3,Expanding Square,243.92820278107118,2219.282027810709,True,55.58860421931237,12.38706728538855,55.58861237449461,12.387273657045041,86,13,299,0.2538627730208579,325,1.4233403551600496 km
3,Line Search,644.1167713574255,5781.167713574247,False,55.58860421931237,12.38706728538855,55.58861237449461,12.387273657045041,86,13,299,0.2538627730208579,325,1.4233403551600496 km
3,Sector Search,307.92820278175844,2959.28202781758,True,55.58860421931237,12.38706728538855,55.58861237449461,12.387273657045041,86,13,299,0.2538627730208579,325,1.4233403551600496 km
3,Sector Search,307.92820278175844,2959.28202781758,True,55.58860421931237,12.38706728538855,55.58861237449461,12.387273657045041,86,13,299,0.2538627730208579,325,1.4233403551600496 km
3,Sector Search,307.92820278175844,2959.28202781758,True,55.58860421931237,12.38706728538855,55.58861237449461,12.387273657045041,86,13,299,0.2538627730208579,325,1.4233403551600496 km
4,Expanding Square,216.99999998833925,2149.9999998833932,True,55.58970825289988,12.399349651703048,55.58973468328186,12.39941402503311,54,5,167,0.9286078459293868,568,1.7678672711993497 km
4,Line Search,216.99999998833925,2149.9999998833932,True,55.58970825289988,12.399349651703048,55.58973468328186,12.39941402503311,54,5,167,0.9286078459293868,568,1.7678672711993497 km
4,Sector Search,216.99999998833925,2149.9999998833932,True,55.58970825289988,12.399349651703048,55.58973468328186,12.39941402503311,54,5,167,0.9286078459293868,568,1.7678672711993497 km
4,Sector Search,216.99999998833925,2149.9999998833932,True,55.58970825289988,12.399349651703048,55.58973468328186,12.39941402503311,54,5,167,0.9286078459293868,568,1.7678672711993497 km
4,Sector Search,216.99999998833925,2149.9999998833932,True,55.58970825289988,12.399349651703048,55.58973468328186,12.39941402503311,54,5,167,0.9286078459293868,568,1.7678672711993497 km
5,Expanding Square,167.1200112804114,1451.2001128041143,True,55.59500028686696,12.393393744510407,55.594680517027015,12.393483377525213,171,36,58,0.5783967728745946,203,1.1121162311421464 km
5,Line Search,152.1200112801852,1441.2001128018521,True,55.59500028686696,12.393393744510407,55.594680517027015,12.393483377525213,171,36,58,0.5783967728745946,203,1.1121162311421464 km
5,Sector Search,336.12001128049735,3141.2001128049724,True,55.59500028686696,12.393393744510407,55.594680517027015,12.393483377525213,171,36,58,0.5783967728745946,203,1.1121162311421464 km
5,Sector Search,336.12001128049735,3141.2001128049724,True,55.59500028686696,12.393393744510407,55.594680517027015,12.393483377525213,171,36,58,0.5783967728745946,203,1.1121162311421464 km
5,Sector Search,336.12001128049735,3141.2001128049724,True,55.59500028686696,12.393393744510407,55.594680517027015,12.393483377525213,171,36,58,0.5783967728745946,203,1.1121162311421464 km
6,Expanding Square,248.273635491227,2222.736354912269,True,55.596733517024866,12.417908482094782,55.59693136628164,12.417301967461496,300,44,57,0.6560447268380034,287,2.173963183872352 km
6,Line Search,673.7036300109496,6077.036300109482,False,55.596733517024866,12.417908482094782,55.59693136628164,12.417301967461496,300,44,57,0.6560447268380034,287,2.173963183872352 km
6,Sector Search,257.2736354920339,2492.736354920336,True,55.596733517024866,12.417908482094782,55.59693136628164,12.417301967461496,300,44,57,0.6560447268380034,287,2.173963183872352 km
6,Sector Search,257.2736354920339,2492.736354920336,True,55.596733517024866,12.417908482094782,55.59693136628164,12.417301967461496,300,44,57,0.6560447268380034,287,2.173963183872352 km
6,Sector Search,257.2736354920339,2492.736354920336,True,55.596733517024866,12.417908482094782,55.59693136628164,12.417301967461496,300,44,57,0.6560447268380034,287,2.173963183872352 km
7,Expanding Square,195.99999998787243,1939.9999998787223,True,55.591751700444355,12.401975353854196,55.591789247947894,12.40150255643897,278,30,167,0.8928243734624178,433,1.5556615778611484 km
7,Line Search,195.99999998787243,1939.9999998787223,True,55.591751700444355,12.401975353854196,55.591789247947894,12.40150255643897,278,30,167,0.8928243734624178,433,1.5556615778611484 km
7,Sector Search,195.99999998787243,1939.9999998787223,True,55.591751700444355,12.401975353854196,55.591789247947894,12.40150255643897,278,30,167,0.8928243734624178,433,1.5556615778611484 km
7,Sector Search,195.99999998787243,1939.9999998787223,True,55.591751700444355,12.401975353854196,55.591789247947894,12.40150255643897,278,30,167,0.8928243734624178,433,1.5556615778611484 km
7,Sector Search,195.99999998787243,1939.9999998787223,True,55.591751700444355,12.401975353854196,55.591789247947894,12.40150255643897,278,30,167,0.8928243734624178,433,1.5556615778611484 km
8,Expanding Square,241.46697543465672,2154.66975434657,True,55.58950955880362,12.395351610130524,55.58965587224816,12.394770086176505,294,40,260,0.10518915912756577,90,1.6760545827589928 km
8,Line Search,227.46697543435002,2154.6697543435016,True,55.58950955880362,12.395351610130524,55.58965587224816,12.394770086176505,294,40,260,0.10518915912756577,90,1.6760545827589928 km
8,Sector Search,403.4669754352328,3814.6697543523283,True,55.58950955880362,12.395351610130524,55.58965587224816,12.394770086176505,294,40,260,0.10518915912756577,90,1.6760545827589928 km
8,Sector Search,403.4669754352328,3814.6697543523283,True,55.58950955880362,12.395351610130524,55.58965587224816,12.394770086176505,294,40,260,0.10518915912756577,90,1.6760545827589928 km
8,Sector Search,403.4669754352328,3814.6697543523283,True,55.58950955880362,12.395351610130524,55.58965587224816,12.394770086176505,294,40,260,0.10518915912756577,90,1.6760545827589928 km
9,Expanding Square,1547.161786669036,13491.617866690367,True,55.59551446911587,12.390107989362846,55.59545790140716,12.389706458314512,256,26,314,0.9760574352989676,558,0.9027126183235475 km
9,Line Search,443.88559191255104,3778.855919125508,False,55.59551446911587,12.390107989362846,55.59545790140716,12.389706458314512,256,26,314,0.9760574352989676,558,0.9027126183235475 km
9,Sector Search,669.3262235155737,6213.262235155735,False,55.59551446911587,12.390107989362846,55.59545790140716,12.389706458314512,256,26,314,0.9760574352989676,558,0.9027126183235475 km
9,Sector Search,669.3262235155737,6213.262235155735,False,55.59551446911587,12.390107989362846,55.59545790140716,12.389706458314512,256,26,314,0.9760574352989676,558,0.9027126183235475 km
9,Sector Search,669.3262235155737,6213.262235155735,False,55.59551446911587,12.390107989362846,55.59545790140716,12.389706458314512,256,26,314,0.9760574352989676,558,0.9027126183235475 km
0,Expanding Square,135.99999999409545,1339.9999999409542,True,55.59822448839273,12.406396844332523,55.598303658623536,12.406367059539596,348,9,113,0.6734737934814031,172,1.1085312774892326 km
0,Line Search,135.99999999409545,1339.9999999409542,True,55.59822448839273,12.406396844332523,55.598303658623536,12.406367059539596,348,9,113,0.6734737934814031,172,1.1085312774892326 km
0,Sector Search,135.99999999409545,1339.9999999409542,True,55.59822448839273,12.406396844332523,55.598303658623536,12.406367059539596,348,9,113,0.6734737934814031,172,1.1085312774892326 km
0,Sector Search,135.99999999409545,1339.9999999409542,True,55.59822448839273,12.406396844332523,55.598303658623536,12.406367059539596,348,9,113,0.6734737934814031,172,1.1085312774892326 km
0,Sector Search,135.99999999409545,1339.9999999409542,True,55.59822448839273,12.406396844332523,55.598303658623536,12.406367059539596,348,9,113,0.6734737934814031,172,1.1085312774892326 km
1,Expanding Square,207.86383372291735,1858.6383372291757,True,55.59201988816623,12.390760601606528,55.59169854559474,12.390830424369717,173,36,246,0.2681900335185998,96,1.329720940234047 km
1,Line Search,184.86383372293855,1768.6383372293874,True,55.59201988816623,12.390760601606528,55.59169854559474,12.390830424369717,173,36,246,0.2681900335185998,96,1.329720940234047 km
1,Sector Search,496.8638337234541,4628.638337234542,True,55.59201988816623,12.390760601606528,55.59169854559474,12.390830424369717,173,36,246,0.2681900335185998,96,1.329720940234047 km
1,Sector Search,496.8638337234541,4628.638337234542,True,55.59201988816623,12.390760601606528,55.59169854559474,12.390830424369717,173,36,246,0.2681900335185998,96,1.329720940234047 km
1,Sector Search,496.8638337234541,4628.638337234542,True,55.59201988816623,12.390760601606528,55.59169854559474,12.390830424369717,173,36,246,0.2681900335185998,96,1.329720940234047 km
2,Expanding Square,418.9772574132297,3489.7725741322974,True,55.5948826259062,12.382429095613167,55.59489517219677,12.382111549922543,274,20,216,0.9823211713491745,527,0.6041934563141058 km
2,Line Search,677.3505912597935,6113.505912597943,False,55.5948826259062,12.382429095613167,55.59489517219677,12.382111549922543,274,20,216,0.9823211713491745,527,0.6041934563141058 km
2,Sector Search,375.977257413666,3559.772574136658,True,55.5948826259062,12.382429095613167,55.59489517219677,12.382111549922543,274,20,216,0.9823211713491745,527,0.6041934563141058 km
2,Sector Search,375.977257413666,3559.772574136658,True,55.5948826259062,12.382429095613167,55.59489517219677,12.382111549922543,274,20,216,0.9823211713491745,527,0.6041934563141058 km
2,Sector Search,375.977257413666,3559.772574136658,True,55.5948826259062,12.382429095613167,55.59489517219677,12.382111549922543,274,20,216,0.9823211713491745,527,0.6041934563141058 km
3,Expanding Square,128.99999999231682,1269.999999923168,True,55.59634039316563,12.386143392446083,55.596471844508876,12.386246974894306,24,16,198,0.2939422898743561,29,0.6719137914406939 km
3,Line Search,128.99999999231682,1269.999999923168,True,55.59634039316563,12.386143392446083,55.596471844508876,12.386246974894306,24,16,198,0.2939422898743561,29,0.6719137914406939 km
3,Sector Search,128.99999999231682,1269.999999923168,True,55.59634039316563,12.386143392446083,55.596471844508876,12.386246974894306,24,16,198,0.2939422898743561,29,0.6719137914406939 km
3,Sector Search,128.99999999231682,1269.999999923168,True,55.59634039316563,12.386143392446083,55.596471844508876,12.386246974894306,24,16,198,0.2939422898743561,29,0.6719137914406939 km
3,Sector Search,128.99999999231682,1269.999999923168,True,55.59634039316563,12.386143392446083,55.596471844508876,12.386246974894306,24,16,198,0.2939422898743561,29,0.6719137914406939 km
4,Expanding Square,1784.0386765818466,15820.386765818454,False,55.594924502031006,12.408411615926145,55.595067845935525,12.408433810833674,5,16,170,0.5495470065321122,1,1.5251298205125174 km
4,Line Search,264.29231369789636,2362.9231369789622,True,55.594924502031006,12.408411615926145,55.595067845935525,12.408433810833674,5,16,170,0.5495470065321122,1,1.5251298205125174 km
4,Sector Search,176.29231369704266,1722.9231369704257,True,55.594924502031006,12.408411615926145,55.595067845935525,12.408433810833674,5,16,170,0.5495470065321122,1,1.5251298205125174 km
4,Sector Search,176.29231369704266,1722.9231369704257,True,55.594924502031006,12.408411615926145,55.595067845935525,12.408433810833674,5,16,170,0.5495470065321122,1,1.5251298205125174 km
4,Sector Search,176.29231369704266,1722.9231369704257,True,55.594924502031006,12.408411615926145,55.595067845935525,12.408433810833674,5,16,170,0.5495470065321122,1,1.5251298205125174 km
5,Expanding Square,1816.2404665220843,16202.404665220833,False,55.58842452775501,12.398977677831477,55.58845343137915,12.398916725809084,310,5,209,0.7870861006923628,78,1.9091255196846668 km
5,Line Search,425.9695058082582,3699.6950580825824,True,55.58842452775501,12.398977677831477,55.58845343137915,12.398916725809084,310,5,209,0.7870861006923628,78,1.9091255196846668 km
5,Sector Search,228.96950580712263,2249.695058071226,True,55.58842452775501,12.398977677831477,55.58845343137915,12.398916725809084,310,5,209,0.7870861006923628,78,1.9091255196846668 km
5,Sector Search,228.96950580712263,2249.695058071226,True,55.58842452775501,12.398977677831477,55.58845343137915,12.398916725809084,310,5,209,0.7870861006923628,78,1.9091255196846668 km
5,Sector Search,228.96950580712263,2249.695058071226,True,55.58842452775501,12.398977677831477,55.58845343137915,12.398916725809084,310,5,209,0.7870861006923628,78,1.9091255196846668 km
6,Expanding Square,517.0495503049975,4310.495503049978,True,55.589162824917786,12.404137147979553,55.589280826294946,12.403896942360024,311,20,53,0.909333621444893,411,1.8728876075990921 km
6,Line Search,673.1397439701587,6071.397439701578,False,55.589162824917786,12.404137147979553,55.589280826294946,12.403896942360024,311,20,53,0.909333621444893,411,1.8728876075990921 km
6,Sector Search,347.0495503049125,3310.495503049124,True,55.589162824917786,12.404137147979553,55.589280826294946,12.403896942360024,311,20,53,0.909333621444893,411,1.8728876075990921 km
6,Sector Search,347.0495503049125,3310.495503049124,True,55.589162824917786,12.404137147979553,55.589280826294946,12.403896942360024,311,20,53,0.909333621444893,411,1.8728876075990921 km
6,Sector Search,347.0495503049125,3310.495503049124,True,55.589162824917786,12.404137147979553,55.589280826294946,12.403896942360024,311,20,53,0.909333621444893,411,1.8728876075990921 km
7,Expanding Square,168.99999998951373,1669.9999998951362,True,55.59230880217651,12.382596000935617,55.59227897931532,12.382560402728476,214,4,20,0.47353691129235365,78,0.767569134001727 km
7,Line Search,168.99999998951373,1669.9999998951362,True,55.59230880217651,12.382596000935617,55.59227897931532,12.382560402728476,214,4,20,0.47353691129235365,78,0.767569134001727 km
7,Sector Search,168.99999998951373,1669.9999998951362,True,55.59230880217651,12.382596000935617,55.59227897931532,12.382560402728476,214,4,20,0.47353691129235365,78,0.767569134001727 km
7,Sector Search,168.99999998951373,1669.9999998951362,True,55.59230880217651,12.382596000935617,55.59227897931532,12.382560402728476,214,4,20,0.47353691129235365,78,0.767569134001727 km
7,Sector Search,168.99999998951373,1669.9999998951362,True,55.59230880217651,12.382596000935617,55.59227897931532,12.382560402728476,214,4,20,0.47353691129235365,78,0.767569134001727 km
8,Expanding Square,222.13591250143335,1761.3591250143315,True,55.59702833783248,12.394671710105845,55.59679379473151,12.394560481511903,195,27,266,0.3052650992116267,400,0.9239056173372913 km
8,Line Search,478.50596294667946,4125.059629466796,False,55.59702833783248,12.394671710105845,55.59679379473151,12.394560481511903,195,27,266,0.3052650992116267,400,0.9239056173372913 km
8,Sector Search,310.1359125015987,2881.3591250159852,True,55.59702833783248,12.394671710105845,55.59679379473151,12.394560481511903,195,27,266,0.3052650992116267,400,0.9239056173372913 km
8,Sector Search,310.1359125015987,2881.3591250159852,True,55.59702833783248,12.394671710105845,55.59679379473151,12.394560481511903,195,27,266,0.3052650992116267,400,0.9239056173372913 km
8,Sector Search,310.1359125015987,2881.3591250159852,True,55.59702833783248,12.394671710105845,55.59679379473151,12.394560481511903,195,27,266,0.3052650992116267,400,0.9239056173372913 km
9,Expanding Square,208.99999998833786,2069.9999998833764,True,55.589524894611166,12.381629488138318,55.589828875709976,12.381868982003645,24,37,221,0.23925757021356964,338,0.8930329696207597 km
9,Line Search,208.99999998833786,2069.9999998833764,True,55.589524894611166,12.381629488138318,55.589828875709976,12.381868982003645,24,37,221,0.23925757021356964,338,0.8930329696207597 km
9,Sector Search,208.99999998833786,2069.9999998833764,True,55.589524894611166,12.381629488138318,55.589828875709976,12.381868982003645,24,37,221,0.23925757021356964,338,0.8930329696207597 km
9,Sector Search,208.99999998833786,2069.9999998833764,True,55.589524894611166,12.381629488138318,55.589828875709976,12.381868982003645,24,37,221,0.23925757021356964,338,0.8930329696207597 km
9,Sector Search,208.99999998833786,2069.9999998833764,True,55.589524894611166,12.381629488138318,55.589828875709976,12.381868982003645,24,37,221,0.23925757021356964,338,0.8930329696207597 km
0,Expanding Square,281.4748008357091,2314.7480083570913,True,55.59483819202555,12.40992336546838,55.595193491771035,12.40982377192771,351,40,350,0.44731342742119573,467,1.6160832129956684 km
0,Line Search,571.2253085145056,5052.253085145054,False,55.59483819202555,12.40992336546838,55.595193491771035,12.40982377192771,351,40,350,0.44731342742119573,467,1.6160832129956684 km
0,Sector Search,299.47480083638806,2834.7480083638848,True,55.59483819202555,12.40992336546838,55.595193491771035,12.40982377192771,351,40,350,0.44731342742119573,467,1.6160832129956684 km
0,Sector Search,299.47480083638806,2834.7480083638848,True,55.59483819202555,12.40992336546838,55.595193491771035,12.40982377192771,351,40,350,0.44731342742119573,467,1.6160832129956684 km
0,Sector Search,299.47480083638806,2834.7480083638848,True,55.59483819202555,12.40992336546838,55.595193491771035,12.40982377192771,351,40,350,0.44731342742119573,467,1.6160832129956684 km
1,Expanding Square,321.34633210588817,2633.463321058882,True,55.59662234779519,12.41617690599085,55.59630174276017,12.416097160008745,188,36,329,0.7430574044589807,417,2.0896848428361103 km
1,Line Search,580.0163346723641,5140.1633467236425,False,55.59662234779519,12.41617690599085,55.59630174276017,12.416097160008745,188,36,329,0.7430574044589807,417,2.0896848428361103 km
1,Sector Search,350.34633210638026,3283.4633210638003,True,55.59662234779519,12.41617690599085,55.59630174276017,12.416097160008745,188,36,329,0.7430574044589807,417,2.0896848428361103 km
1,Sector Search,350.34633210638026,3283.4633210638003,True,55.59662234779519,12.41617690599085,55.59630174276017,12.416097160008745,188,36,329,0.7430574044589807,417,2.0896848428361103 km
1,Sector Search,350.34633210638026,3283.4633210638003,True,55.59662234779519,12.41617690599085,55.59630174276017,12.416097160008745,188,36,329,0.7430574044589807,417,2.0896848428361103 km
2,Expanding Square,311.9235661602102,2539.235661602105,True,55.59273779395121,12.400707465664327,55.59240221948165,12.401078547957189,148,44,340,0.3309421414093291,424,1.4842683698521646 km
2,Line Search,562.1706350690233,4961.70635069023,False,55.59273779395121,12.400707465664327,55.59240221948165,12.401078547957189,148,44,340,0.3309421414093291,424,1.4842683698521646 km
2,Sector Search,292.92356616062716,2769.2356616062675,True,55.59273779395121,12.400707465664327,55.59240221948165,12.401078547957189,148,44,340,0.3309421414093291,424,1.4842683698521646 km
2,Sector Search,292.92356616062716,2769.2356616062675,True,55.59273779395121,12.400707465664327,55.59240221948165,12.401078547957189,148,44,340,0.3309421414093291,424,1.4842683698521646 km
2,Sector Search,292.92356616062716,2769.2356616062675,True,55.59273779395121,12.400707465664327,55.59240221948165,12.401078547957189,148,44,340,0.3309421414093291,424,1.4842683698521646 km
3,Expanding Square,357.2446358918985,3032.4463589189863,True,55.588557931656545,12.399943686862457,55.58820465573911,12.400222006052566,156,43,80,0.5307775065362217,491,1.9343806499568377 km
3,Line Search,679.3729804392084,6133.72980439209,False,55.588557931656545,12.399943686862457,55.58820465573911,12.400222006052566,156,43,80,0.5307775065362217,491,1.9343806499568377 km
3,Sector Search,370.24463589184575,3522.4463589184575,True,55.588557931656545,12.399943686862457,55.58820465573911,12.400222006052566,156,43,80,0.5307775065362217,491,1.9343806499568377 km
3,Sector Search,370.24463589184575,3522.4463589184575,True,55.588557931656545,12.399943686862457,55.58820465573911,12.400222006052566,156,43,80,0.5307775065362217,491,1.9343806499568377 km
3,Sector Search,370.24463589184575,3522.4463589184575,True,55.588557931656545,12.399943686862457,55.58820465573911,12.400222006052566,156,43,80,0.5307775065362217,491,1.9343806499568377 km
4,Expanding Square,511.6587657645159,4136.5876576451565,True,55.598267126128476,12.400718814470567,55.598160705939264,12.401122743741633,115,28,260,0.7186441251718688,293,0.8639715037517703 km
4,Line Search,458.9450934373375,3929.4509343733807,False,55.598267126128476,12.400718814470567,55.598160705939264,12.401122743741633,115,28,260,0.7186441251718688,293,0.8639715037517703 km
4,Sector Search,249.65876576540262,2336.587657654025,True,55.598267126128476,12.400718814470567,55.598160705939264,12.401122743741633,115,28,260,0.7186441251718688,293,0.8639715037517703 km
4,Sector Search,249.65876576540262,2336.587657654025,True,55.598267126128476,12.400718814470567,55.598160705939264,12.401122743741633,115,28,260,0.7186441251718688,293,0.8639715037517703 km
4,Sector Search,249.65876576540262,2336.587657654025,True,55.598267126128476,12.400718814470567,55.598160705939264,12.401122743741633,115,28,260,0.7186441251718688,293,0.8639715037517703 km
5,Expanding Square,271.040533793153,2130.405337931529,True,55.597249999370206,12.400290757601942,55.59691158294283,12.400206579979153,188,38,316,0.2627623977073954,523,0.9880977600583088 km
5,Line Search,465.60615233443474,3996.0615233443477,False,55.597249999370206,12.400290757601942,55.59691158294283,12.400206579979153,188,38,316,0.2627623977073954,523,0.9880977600583088 km
5,Sector Search,298.0405337931958,2760.4053379319557,True,55.597249999370206,12.400290757601942,55.59691158294283,12.400206579979153,188,38,316,0.2627623977073954,523,0.9880977600583088 km
5,Sector Search,298.0405337931958,2760.4053379319557,True,55.597249999370206,12.400290757601942,55.59691158294283,12.400206579979153,188,38,316,0.2627623977073954,523,0.9880977600583088 km
5,Sector Search,298.0405337931958,2760.4053379319557,True,55.597249999370206,12.400290757601942,55.59691158294283,12.400206579979153,188,38,316,0.2627623977073954,523,0.9880977600583088 km
6,Expanding Square,292.385893883072,2503.858938830721,True,55.59007414504344,12.387602949238461,55.59040882486295,12.387172658197208,324,46,111,0.7550119878567098,310,1.3094851649382788 km
6,Line Search,644.1515426418431,5781.515426418426,False,55.59007414504344,12.387602949238461,55.59040882486295,12.387172658197208,324,46,111,0.7550119878567098,310,1.3094851649382788 km
6,Sector Search,526.3858938827226,4923.85893882722,True,55.59007414504344,12.387602949238461,55.59040882486295,12.387172658197208,324,46,111,0.7550119878567098,310,1.3094851649382788 km
6,Sector Search,526.3858938827226,4923.85893882722,True,55.59007414504344,12.387602949238461,55.59040882486295,12.387172658197208,324,46,111,0.7550119878567098,310,1.3094851649382788 km
6,Sector Search,526.3858938827226,4923.85893882722,True,55.59007414504344,12.387602949238461,55.59040882486295,12.387172658197208,324,46,111,0.7550119878567098,310,1.3094851649382788 km
7,Expanding Square,179.33753790503062,1493.3753790503065,True,55.597242997681555,12.383530434262182,55.59730448327506,12.383846481111673,71,21,96,0.6246534924433821,298,0.49773279380362045 km
7,Line Search,470.9015606179507,4049.0156061795115,False,55.597242997681555,12.383530434262182,55.59730448327506,12.383846481111673,71,21,96,0.6246534924433821,298,0.49773279380362045 km
7,Sector Search,268.337537905232,2523.37537905232,True,55.597242997681555,12.383530434262182,55.59730448327506,12.383846481111673,71,21,96,0.6246534924433821,298,0.49773279380362045 km
7,Sector Search,268.337537905232,2523.37537905232,True,55.597242997681555,12.383530434262182,55.59730448327506,12.383846481111673,71,21,96,0.6246534924433821,298,0.49773279380362045 km
7,Sector Search,268.337537905232,2523.37537905232,True,55.597242997681555,12.383530434262182,55.59730448327506,12.383846481111673,71,21,96,0.6246534924433821,298,0.49773279380362045 km
8,Expanding Square,141.9999999913566,1399.9999999135657,True,55.59554271449825,12.383065663578417,55.595661026497375,12.383141875626848,20,14,240,0.0031760989817113394,123,0.6397026444904303 km
8,Line Search,141.9999999913566,1399.9999999135657,True,55.59554271449825,12.383065663578417,55.595661026497375,12.383141875626848,20,14,240,0.0031760989817113394,123,0.6397026444904303 km
8,Sector Search,141.9999999913566,1399.9999999135657,True,55.59554271449825,12.383065663578417,55.595661026497375,12.383141875626848,20,14,240,0.0031760989817113394,123,0.6397026444904303 km
8,Sector Search,141.9999999913566,1399.9999999135657,True,55.59554271449825,12.383065663578417,55.595661026497375,12.383141875626848,20,14,240,0.0031760989817113394,123,0.6397026444904303 km
8,Sector Search,141.9999999913566,1399.9999999135657,True,55.59554271449825,12.383065663578417,55.595661026497375,12.383141875626848,20,14,240,0.0031760989817113394,123,0.6397026444904303 km
9,Expanding Square,114.99999999255554,1129.9999999255558,True,55.597294013170455,12.391431539753722,55.59731584016114,12.391459607152884,36,3,142,0.6382049042363515,152,0.7714933971162521 km
9,Line Search,114.99999999255554,1129.9999999255558,True,55.597294013170455,12.391431539753722,55.59731584016114,12.391459607152884,36,3,142,0.6382049042363515,152,0.7714933971162521 km
9,Sector Search,114.99999999255554,1129.9999999255558,True,55.597294013170455,12.391431539753722,55.59731584016114,12.391459607152884,36,3,142,0.6382049042363515,152,0.7714933971162521 km
9,Sector Search,114.99999999255554,1129.9999999255558,True,55.597294013170455,12.391431539753722,55.59731584016114,12.391459607152884,36,3,142,0.6382049042363515,152,0.7714933971162521 km
9,Sector Search,114.99999999255554,1129.9999999255558,True,55.597294013170455,12.391431539753722,55.59731584016114,12.391459607152884,36,3,142,0.6382049042363515,152,0.7714933971162521 km
0,Expanding Square,208.99999998738323,2069.9999998738313,True,55.589544688684384,12.40480492767903,55.58951221514554,12.40488118397954,127,6,99,0.014715363562372574,202,1.8782662171143119 km
0,Line Search,208.99999998738323,2069.9999998738313,True,55.589544688684384,12.40480492767903,55.58951221514554,12.40488118397954,127,6,99,0.014715363562372574,202,1.8782662171143119 km
0,Sector Search,208.99999998738323,2069.9999998738313,True,55.589544688684384,12.40480492767903,55.58951221514554,12.40488118397954,127,6,99,0.014715363562372574,202,1.8782662171143119 km
0,Sector Search,208.99999998738323,2069.9999998738313,True,55.589544688684384,12.40480492767903,55.58951221514554,12.40488118397954,127,6,99,0.014715363562372574,202,1.8782662171143119 km
0,Sector Search,208.99999998738323,2069.9999998738313,True,55.589544688684384,12.40480492767903,55.58951221514554,12.40488118397954,127,6,99,0.014715363562372574,202,1.8782662171143119 km
1,Expanding Square,201.99999998755305,1999.9999998755306,True,55.590325579869486,12.397770213564906,55.5902960355984,12.39744013010662,261,21,129,0.8165923979313303,189,1.688578629569529 km
1,Line Search,201.99999998755305,1999.9999998755306,True,55.590325579869486,12.397770213564906,55.5902960355984,12.39744013010662,261,21,129,0.8165923979313303,189,1.688578629569529 km
1,Sector Search,201.99999998755305,1999.9999998755306,True,55.590325579869486,12.397770213564906,55.5902960355984,12.39744013010662,261,21,129,0.8165923979313303,189,1.688578629569529 km
1,Sector Search,201.99999998755305,1999.9999998755306,True,55.590325579869486,12.397770213564906,55.5902960355984,12.39744013010662,261,21,129,0.8165923979313303,189,1.688578629569529 km
1,Sector Search,201.99999998755305,1999.9999998755306,True,55.590325579869486,12.397770213564906,55.5902960355984,12.39744013010662,261,21,129,0.8165923979313303,189,1.688578629569529 km
2,Expanding Square,170.99999999017624,1689.999999901762,True,55.595436261924974,12.407418768326039,55.59543249445324,12.407036835948375,269,24,153,0.8907087464988274,370,1.4005366007373323 km
2,Line Search,170.99999999017624,1689.999999901762,True,55.595436261924974,12.407418768326039,55.59543249445324,12.407036835948375,269,24,153,0.8907087464988274,370,1.4005366007373323 km
2,Sector Search,170.99999999017624,1689.999999901762,True,55.595436261924974,12.407418768326039,55.59543249445324,12.407036835948375,269,24,153,0.8907087464988274,370,1.4005366007373323 km
2,Sector Search,170.99999999017624,1689.999999901762,True,55.595436261924974,12.407418768326039,55.59543249445324,12.407036835948375,269,24,153,0.8907087464988274,370,1.4005366007373323 km
2,Sector Search,170.99999999017624,1689.999999901762,True,55.595436261924974,12.407418768326039,55.59543249445324,12.407036835948375,269,24,153,0.8907087464988274,370,1.4005366007373323 km
3,Expanding Square,185.999999989835,1839.9999998983506,True,55.59135002426411,12.40421067687662,55.59137069186985,12.404241366049446,40,3,40,0.2484275254970082,158,1.664266191400328 km
3,Line Search,185.999999989835,1839.9999998983506,True,55.59135002426411,12.40421067687662,55.59137069186985,12.404241366049446,40,3,40,0.2484275254970082,158,1.664266191400328 km
3,Sector Search,185.999999989835,1839.9999998983506,True,55.59135002426411,12.40421067687662,55.59137069186985,12.404241366049446,40,3,40,0.2484275254970082,158,1.664266191400328 km
3,Sector Search,185.999999989835,1839.9999998983506,True,55.59135002426411,12.40421067687662,55.59137069186985,12.404241366049446,40,3,40,0.2484275254970082,158,1.664266191400328 km
3,Sector Search,185.999999989835,1839.9999998983506,True,55.59135002426411,12.40421067687662,55.59137069186985,12.404241366049446,40,3,40,0.2484275254970082,158,1.664266191400328 km
4,Expanding Square,146.02138893861724,1280.213889386174,True,55.59816050513122,12.405181711727538,55.59823951040468,12.405287084441383,37,11,339,0.3245281768043138,264,1.0395999952952018 km
4,Line Search,496.225891051204,4302.2589105120405,False,55.59816050513122,12.405181711727538,55.59823951040468,12.405287084441383,37,11,339,0.3245281768043138,264,1.0395999952952018 km
4,Sector Search,218.02138893884603,2060.213889388462,True,55.59816050513122,12.405181711727538,55.59823951040468,12.405287084441383,37,11,339,0.3245281768043138,264,1.0395999952952018 km
4,Sector Search,218.02138893884603,2060.213889388462,True,55.59816050513122,12.405181711727538,55.59823951040468,12.405287084441383,37,11,339,0.3245281768043138,264,1.0395999952952018 km
4,Sector Search,218.02138893884603,2060.213889388462,True,55.59816050513122,12.405181711727538,55.59823951040468,12.405287084441383,37,11,339,0.3245281768043138,264,1.0395999952952018 km
5,Expanding Square,367.9188379993319,3099.1883799933134,True,55.59469993527943,12.415412513112932,55.59441774773223,12.41510045061136,212,37,71,0.5877482045354379,421,2.1105559123741493 km
5,Line Search,685.9022888906945,6199.022888906944,False,55.59469993527943,12.415412513112932,55.59441774773223,12.41510045061136,212,37,71,0.5877482045354379,421,2.1105559123741493 km
5,Sector Search,365.91883799926467,3479.188379992646,True,55.59469993527943,12.415412513112932,55.59441774773223,12.41510045061136,212,37,71,0.5877482045354379,421,2.1105559123741493 km
5,Sector Search,365.91883799926467,3479.188379992646,True,55.59469993527943,12.415412513112932,55.59441774773223,12.41510045061136,212,37,71,0.5877482045354379,421,2.1105559123741493 km
5,Sector Search,365.91883799926467,3479.188379992646,True,55.59469993527943,12.415412513112932,55.59441774773223,12.41510045061136,212,37,71,0.5877482045354379,421,2.1105559123741493 km
6,Expanding Square,1807.9734386885066,16059.734386885026,False,55.596637696678194,12.41380221724594,55.59652165630973,12.413777000371041,187,13,159,0.6826388921997155,63,1.8591346322121993 km
6,Line Search,308.441199025278,2724.41199025278,True,55.596637696678194,12.41380221724594,55.59652165630973,12.413777000371041,187,13,159,0.6826388921997155,63,1.8591346322121993 km
6,Sector Search,189.44119902483817,1854.411990248382,True,55.596637696678194,12.41380221724594,55.59652165630973,12.413777000371041,187,13,159,0.6826388921997155,63,1.8591346322121993 km
6,Sector Search,189.44119902483817,1854.411990248382,True,55.596637696678194,12.41380221724594,55.59652165630973,12.413777000371041,187,13,159,0.6826388921997155,63,1.8591346322121993 km
6,Sector Search,189.44119902483817,1854.411990248382,True,55.596637696678194,12.41380221724594,55.59652165630973,12.413777000371041,187,13,159,0.6826388921997155,63,1.8591346322121993 km
7,Expanding Square,189.99999998809562,1879.9999998809558,True,55.58926044964608,12.38644190705379,55.589234272326266,12.386223982974757,258,14,28,0.7506868694111328,189,1.2896114337436038 km
7,Line Search,189.99999998809562,1879.9999998809558,True,55.58926044964608,12.38644190705379,55.589234272326266,12.386223982974757,258,14,28,0.7506868694111328,189,1.2896114337436038 km
7,Sector Search,189.99999998809562,1879.9999998809558,True,55.58926044964608,12.38644190705379,55.589234272326266,12.386223982974757,258,14,28,0.7506868694111328,189,1.2896114337436038 km
7,Sector Search,189.99999998809562,1879.9999998809558,True,55.58926044964608,12.38644190705379,55.589234272326266,12.386223982974757,258,14,28,0.7506868694111328,189,1.2896114337436038 km
7,Sector Search,189.99999998809562,1879.9999998809558,True,55.58926044964608,12.38644190705379,55.589234272326266,12.386223982974757,258,14,28,0.7506868694111328,189,1.2896114337436038 km
8,Expanding Square,1816.0995373014225,16200.995373014193,False,55.59136505971034,12.415144170771692,55.59166761090146,12.415643446989174,43,46,118,0.421330861337045,59,2.3459575722153367 km
8,Line Search,301.5728299783325,2795.7282997833267,True,55.59136505971034,12.415144170771692,55.59166761090146,12.415643446989174,43,46,118,0.421330861337045,59,2.3459575722153367 km
8,Sector Search,904.1504192326545,8561.504192326542,False,55.59136505971034,12.415144170771692,55.59166761090146,12.415643446989174,43,46,118,0.421330861337045,59,2.3459575722153367 km
8,Sector Search,904.1504192326545,8561.504192326542,False,55.59136505971034,12.415144170771692,55.59166761090146,12.415643446989174,43,46,118,0.421330861337045,59,2.3459575722153367 km
8,Sector Search,904.1504192326545,8561.504192326542,False,55.59136505971034,12.415144170771692,55.59166761090146,12.415643446989174,43,46,118,0.421330861337045,59,2.3459575722153367 km
9,Expanding Square,227.90947909049316,2219.094790904931,True,55.59135855492237,12.4144052579883,55.59099928329364,12.414552037085123,167,41,200,0.012484210326386247,599,2.307814229603672 km
9,Line Search,236.90947909037047,2289.0947909037036,True,55.59135855492237,12.4144052579883,55.59099928329364,12.414552037085123,167,41,200,0.012484210326386247,599,2.307814229603672 km
9,Sector Search,317.90947909063544,3059.094790906354,True,55.59135855492237,12.4144052579883,55.59099928329364,12.414552037085123,167,41,200,0.012484210326386247,599,2.307814229603672 km
9,Sector Search,317.90947909063544,3059.094790906354,True,55.59135855492237,12.4144052579883,55.59099928329364,12.414552037085123,167,41,200,0.012484210326386247,599,2.307814229603672 km
9,Sector Search,317.90947909063544,3059.094790906354,True,55.59135855492237,12.4144052579883,55.59099928329364,12.414552037085123,167,41,200,0.012484210326386247,599,2.307814229603672 km
